Master file Fergusson College Botanical Garden census,,,,,,,,,,,,,,,,,,,
,,,,,,,,,,,,,,,,,,,
Sr. no,Team,Census date,Species,GBH1,GBH2,GBH3,GBH4,GBH5,GBH6,GBH7,GBH8,GBH9,GBH10,GBH11,GBH12,Height (visual estimate),Tag number,Remarks,
1,"Ashish, Pranav",18-05-2018,Santalum album,33,25.1,,,,,,,,,,,6,,,
2,"Ashish, Pranav",18-05-2018,Gliricidia sepium,71.1,,,,,,,,,,,,12,B1/P1-11,,
3,"Ashish, Pranav",18-05-2018,Dead (unidentified),43.2,,,,,,,,,,,,9,B1/P1-12,,
4,"Ashish, Pranav",18-05-2018,Albizia saman,290.3,,,,,,,,,,,,13,,,
5,"Ashish, Pranav",18-05-2018,Annona reticulata,67.8,,,,,,,,,,,,9,B1/P1-9,,
6,"Ashish, Pranav",18-05-2018,Sapindus laurifolius,8.7,12.5,,,,,,,,,,,3,,Was earlier unidentified,
7,"Ashish, Pranav",18-05-2018,Holoptelia integrifolia,101,,,,,,,,,,,,11,,,
8,"Ashish, Pranav",18-05-2018,Jatropha curcas,16.9,5.3,10,,,,,,,,,,4.5,,,
9,"Ashish, Pranav",18-05-2018,Jatropha curcas,9.4,7.2,,,,,,,,,,,3,,,
10,"Ashish, Pranav",18-05-2018,Hibiscus rosa-sinensis,12.5,,,,,,,,,,,,3,,,
11,"Ashish, Pranav",18-05-2018,Hibiscus rosa-sinensis,7.5,,,,,,,,,,,,2.5,,,
12,"Ashish, Pranav",18-05-2018,Jatropha curcas,36.1,,,,,,,,,,,,6,,,
13,"Ashish, Pranav",18-05-2018,Jatropha curcas,48.1,28.4,,,,,,,,,,,4.5,,,
14,"Ashish, Pranav",18-05-2018,Jatropha curcas,10.1,,,,,,,,,,,,3,,,
15,"Ashish, Pranav",18-05-2018,Manilkara hexandra,114.1,,,,,,,,,,,,13,,,
16,"Ashish, Pranav",18-05-2018,Delonix regia,42.1,,,,,,,,,,,,9,,,
17,"Ashish, Pranav",18-05-2018,Dead (unidentified),32.9,,,,,,,,,,,,7,,,
18,"Ashish, Pranav",18-05-2018,Jacaranda mimosaefolia,25.5,113.3,2.4,4.5,4,,,,,,,,13,,,
19,"Ashish, Pranav",18-05-2018,Tamarindus indica,46,,,,,,,,,,,,11,,,
20,"Ashish, Pranav",18-05-2018,Gliricidia sepium,98,,,,,,,,,,,,13,,,
21,"Ashish, Pranav",18-05-2018,Dead (unidentified),26.1,,,,,,,,,,,,4,,,
22,"Ashish, Pranav",18-05-2018,Putranjiva roxburghii,30,,,,,,,,,,,,4,,,
23,"Ashish, Pranav",18-05-2018,Putranjiva roxburghii,28.9,,,,,,,,,,,,8,,,
24,"Ashish, Pranav",18-05-2018,Putranjiva roxburghii,23,22.1,,,,,,,,,,,9,,,
25,"Ashish, Pranav",18-05-2018,Annona reticulata,27,,,,,,,,,,,,5.5,B1/P1- 31,,
26,"Ashish, Pranav",18-05-2018,Peltophorum pterocarpum,265.1,,,,,,,,,,,,15,,,
27,"Ashish, Pranav",18-05-2018,Annona squamosa,18.9,,,,,,,,,,,,3,B1/P1-27,,
28,"Ashish, Pranav",18-05-2018,Gliricidia sepium,71.1,,,,,,,,,,,,7,,,
29,"Ashish, Pranav",18-05-2018,Tamarindus indica,15,,,,,,,,,,,,3.5,,,
30,"Ashish, Pranav",18-05-2018,Cordia macleodii,74.1,,,,,,,,,,,,12,,,
31,"Ashish, Pranav",18-05-2018,Gliricidia sepium,44.5,17,27,15,6,11,16,5,17,3,8,6,5,,,
32,"Ashish, Pranav",18-05-2018,Ixora brachiata,10,,,,,,,,,,,,2.5,,,
33,"Ashish, Pranav",18-05-2018,Gliricidia sepium,67.2,,,,,,,,,,,,10,B1/P1-36,,
34,"Ashish, Pranav",18-05-2018,Tamarindus indica,47,,,,,,,,,,,,9,,,
35,"Ashish, Pranav",18-05-2018,Millingtonia hortensis,6.2,,,,,,,,,,,,2.3,,,
36,"Ashish, Pranav",18-05-2018,Gliricidia sepium,86,,,,,,,,,,,,11,,,
37,"Ashish, Pranav",18-05-2018,Dead (Sweitenia mahogany),428.5,,,,,,,,,,,,5,,main stem cut after death,
38,"Ashish, Pranav",18-05-2018,Millingtonia hortensis,98.2,,,,,,,,,,,,9,,,
39,"Ashish, Pranav",18-05-2018,Millingtonia hortensis,14.2,,,,,,,,,,,,4,,,
40,"Ashish, Pranav",18-05-2018,Peltophorum pterocarpum,94.6,83.1,,,,,,,,,,,8,,,
41,"Ashish, Pranav",18-05-2018,Leucaena leucocephala,75.9,82.1,,,,,,,,,,,8,,,
42,"Ashish, Pranav",18-05-2018,Leucaena leucocephala,70,31.1,44,17.8,,,,,,,,,11,,,
43,"Ashish, Pranav",18-05-2018,Jatropha curcas,32,21.2,6.5,7.5,6.2,6.2,5.6,6.9,4.3,,,,4,,,
44,"Ashish, Pranav",18-05-2018,Cassia fistula,19.9,,,,,,,,,,,,3,,,
45,"Ashish, Pranav",18-05-2018,Leucaena leucocephala,67,,,,,,,,,,,,6,,,
46,"Ashish, Pranav",18-05-2018,Gliricidia sepium,45.5,8.7,5.9,7.2,6.5,10,8.4,24.8,18.5,,,,6,,,
47,"Ashish, Pranav",18-05-2018,Leucaena leucocephala,65.2,,,,,,,,,,,,10,,,
48,"Ashish, Pranav",18-05-2018,Leucaena leucocephala,69,91,101,,,,,,,,,,8,,,
49,"Ashish, Pranav",18-05-2018,Ehretia laevis,11,,,,,,,,,,,,2.5,,,
50,"Ashish, Pranav",18-05-2018,Ehretia laevis,8.7,,,,,,,,,,,,3,,,
51,"Ashish, Pranav",18-05-2018,Wrightia tinctoria,128.5,3.4,2.2,,,,,,,,,,11,,,
52,"Ashish, Pranav",18-05-2018,Leucaena leucocephala,14.3,,,,,,,,,,,,3,,,
53,"Ashish, Pranav",18-05-2018,Wrightia tinctoria,38.2,6,29.1,18,3,54.9,32,27,25.2,,,,5,,,
54,"Ashish, Pranav",18-05-2018,Plumeria acutifolia,105,,,,,,,,,,,,5,,,
55,"Ashish, Pranav",18-05-2018,Gliricidia sepium,27,9,,,,,,,,,,,4.5,,,
56,"Ashish, Pranav",18-05-2018,Leucaena leucocephala,21,,,,,,,,,,,,5,,,
57,"Ashish, Pranav",18-05-2018,Plumeria acutifolia,15.1,16,20.2,18.9,25,5,,,,,,,5,,,
58,"Ashish, Pranav",18-05-2018,Plumeria acutifolia,49.1,33,19.9,,,,,,,,,,4,,,
59,"Ashish, Pranav",18-05-2018,Hibiscus rosa-sinensis,5.3,7.5,5.3,,,,,,,,,,3,,,
60,"Ashish, Pranav",18-05-2018,Hibiscus rosa-sinensis,3.2,,,,,,,,,,,,2.5,,,
61,"Ashish, Pranav",18-05-2018,Euphorbia tirucalli,43.9,36,23,29,26,29.1,,,,,,,8,,,
62,"Ashish, Pranav",18-05-2018,Hibiscus rosa-sinensis,3.4,,,,,,,,,,,,3,,,
63,"Ashish, Pranav",18-05-2018,Gliricidia sepium,65,33.2,55,11,39.9,,,,,,,,8,,,
64,"Ashish, Pranav",18-05-2018,Hibiscus rosa-sinensis,9.1,5.9,7.8,9.7,,,,,,,,,3,,,
65,"Ashish, Pranav",18-05-2018,Gliricidia sepium,10,39,4,,,,,,,,,,4.5,,,
66,"Ashish, Pranav",18-05-2018,Leucaena leucocephala,101,,,,,,,,,,,,7.5,,,
67,"Ashish, Pranav",18-05-2018,Hibiscus rosa-sinensis,4,3,,,,,,,,,,,5,,,
68,"Ashish, Pranav",18-05-2018,Holoptelia integrifolia,16.9,14,,,,,,,,,,,4,,,
69,"Ashish, Pranav",18-05-2018,Plumeria acutifolia,15,18,21,16.9,,,,,,,,,5,,,
70,"Ashish, Pranav",18-05-2018,Plumeria acutifolia,15.3,13,16,,,,,,,,,,4,,,
71,"Ashish, Pranav",18-05-2018,Dead (unidentified),61,,,,,,,,,,,,8,B1/P1-129,,
72,"Ashish, Pranav",18-05-2018,Gliricidia sepium,154.2,50,,,,,,,,,,,9,,,
73,"Ashish, Pranav",18-05-2018,Wrightia tinctoria,20,25,,,,,,,,,,,4.5,B1/P1-119,,
74,"Ashish, Pranav",18-05-2018,Leucaena leucocephala,26,,,,,,,,,,,,6,,,
75,"Ashish, Pranav",18-05-2018,Gliricidia sepium,73.1,51,,,,,,,,,,,9,,,
76,"Ashish, Pranav",18-05-2018,dead (Albizia saman),238.5,,,,,,,,,,,,4,,,
77,"Ashish, Pranav",18-05-2018,Gliricidia sepium,29,23.9,14.8,,,,,,,,,,7,,,
78,"Ashish, Pranav",18-05-2018,Albizia saman,327.8,,,,,,,,,,,,15,B1/P1-117,,
79,"Ashish, Pranav",18-05-2018,Ehretia laevis,10.1,,,,,,,,,,,,3,,,
80,"Ashish, Pranav",18-05-2018,Ehretia laevis,5,,,,,,,,,,,,3,,,
81,"Ashish, Pranav",18-05-2018,Ehretia laevis,4,,,,,,,,,,,,2,,,
82,"Ashish, Pranav",18-05-2018,Cassine glauca,120.9,,,,,,,,,,,,12,,,
83,"Ashish, Pranav",18-05-2018,Ehretia laevis,9,4,,,,,,,,,,,2,,,
84,"Ashish, Pranav",18-05-2018,Araucaria cunninghamii,228.5,,,,,,,,,,,,13,,,
85,"Ashish, Pranav",18-05-2018,Tamarindus indica,159,,,,,,,,,,,,9,,,
86,"Ashish, Pranav",18-05-2018,Annona reticulata,48,,,,,,,,,,,,5,,,
87,"Ashish, Pranav",18-05-2018,Jacaranda mimosaefolia,105,,,,,,,,,,,,10,,,
88,"Ashish, Pranav",18-05-2018,Dead (unidentified),106,,,,,,,,,,,,12,B1/P1-146,,
89,"Ashish, Pranav",18-05-2018,Peltophorum pterocarpum,112.5,,,,,,,,,,,,10,,,
90,"Ashish, Pranav",18-05-2018,Dead (unidentified),55,32.1,,,,,,,,,,,8,,,
91,"Ashish, Pranav",18-05-2018,Unidentified (2),31,,,,,,,,,,,,4,,,
92,"Ashish, Pranav",18-05-2018,Dead (unidentified),42,,,,,,,,,,,,6,B1/P1-131,,
93,"Ashish, Pranav",18-05-2018,Tamarindus indica,89,,,,,,,,,,,,11,,,
94,"Ashish, Pranav",18-05-2018,Santalum album,20.1,17.1,13,,,,,,,,,,4,,,
95,"Ashish, Pranav",18-05-2018,Leucaena leucocephala,106.3,,,,,,,,,,,,11,,,
96,"Ashish, Pranav",18-05-2018,Hibiscus rosa-sinensis,15.9,12,9,,,,,,,,,,3,,,
97,"Ashish, Pranav",18-05-2018,Dead (unidentified),124,,,,,,,,,,,,10,,,
98,"Ashish, Pranav",18-05-2018,dead (cycas circinalis),119,,,,,,,,,,,,6,,,
99,"Ashish, Pranav",18-05-2018,Leucaena leucocephala,20.9,,,,,,,,,,,,5,,,
100,"Ashish, Pranav",18-05-2018,Bombax ceiba,25.5,,,,,,,,,,,,5,,,
101,"Ashish, Pranav",18-05-2018,Putranjiva roxburghii,20,,,,,,,,,,,,4,,,
102,"Ashish, Pranav",18-05-2018,Sapindus laurifolius,5,,,,,,,,,,,,4,,,
103,"Ashish, Pranav",18-05-2018,Gliricidia sepium,16,19,62.9,113,7,12,,,,,,,8,,,
104,"Ashish, Pranav",18-05-2018,Ixora brachiata,27,,,,,,,,,,,,4.5,,,
105,"Ashish, Pranav",18-05-2018,Annona reticulata,58,,,,,,,,,,,,7,B1/P1-39,,
106,"Ashish, Pranav",18-05-2018,Tamarindus indica,34,,,,,,,,,,,,6,,,
107,"Ashish, Pranav",18-05-2018,Malpighia glabra,15,11,8,7,7,11,,,,,,,4,B1/P1-34,earlier identified as Ligustrum. Leaves of this are more rounded than the other Malphigia,
108,"Ashish, Pranav",18-05-2018,Sapindus laurifolius,40.5,,,,,,,,,,,,7,B1/P1-33,,
109,"Ashish, Pranav",18-05-2018,Ixora brachiata,10,,,,,,,,,,,,3,,,
110,"Ashish, Pranav",18-05-2018,Bauhinia purpurea,14,,,,,,,,,,,,3,,,
111,"Ashish, Pranav",18-05-2018,Peltophorum pterocarpum,66.8,,,,,,,,,,,,8,,,
112,"Ashish, Pranav",18-05-2018,Gliricidia sepium,68,,,,,,,,,,,,6,,,
113,"Ashish, Pranav",18-05-2018,Delonix regia,138,,,,,,,,,,,,9,,,
114,"Ashish, Pranav",18-05-2018,Gardenia latifolia,118,,,,,,,,,,,,7,B1/P1-52,Small part of tree dead,
115,"Ashish, Pranav",18-05-2018,Morinda tomentosa,31,17,,,,,,,,,,,6,,,
116,"Ashish, Pranav",18-05-2018,Santalum album,32,,,,,,,,,,,,5,,,
117,"Ashish, Pranav",18-05-2018,Bauhinia purpurea,14.9,,,,,,,,,,,,4,,,
118,"Ashish, Pranav",18-05-2018,Caesalpinia pulcherrima,11,,,,,,,,,,,,3,,,
119,"Ashish, Pranav",18-05-2018,Butea monosperma,33.8,,,,,,,,,,,,5,B1/P1-160,,
120,"Ashish, Pranav",18-05-2018,Ixora brachiata,27.4,,,,,,,,,,,,4,,,
121,"Ashish, Pranav",18-05-2018,Peltophorum pterocarpum,125.3,,,,,,,,,,,,7,,,
122,"Ashish, Pranav",18-05-2018,Putranjiva roxburghii,40.9,,,,,,,,,,,,10,,,
123,"Ashish, Pranav",18-05-2018,Anogeissus seresius,88,,,,,,,,,,,,11,,,
124,"Ashish, Pranav",18-05-2018,Dead (unidentified),114,,,,,,,,,,,,7,,,
125,"Ashish, Pranav",18-05-2018,Ehretia laevis,10,,,,,,,,,,,,2,,,
126,"Ashish, Pranav",18-05-2018,Guazuma ulmifolia,53.5,45,29,11,83,49.5,13,,,,,,8,,,
127,"Ashish, Pranav",18-05-2018,Ixora brachiata,23,,,,,,,,,,,,4,,,
128,"Ashish, Pranav",18-05-2018,Ehretia laevis,22,6,,,,,,,,,,,5,B1/P1-60,was Unidentified (3). Not acacia leucophloea and greggii,
129,"Ashish, Pranav",18-05-2018,Caesalpinia pulcherrima,11,9,13,,,,,,,,,,4,,,
130,"Ashish, Pranav",18-05-2018,Caesalpinia pulcherrima,4,6,,,,,,,,,,,3,,,
131,"Ashish, Pranav",18-05-2018,Tamarindus indica,74,,,,,,,,,,,,8,,,
132,"Ashish, Pranav",18-05-2018,Ixora brachiata,19.8,,,,,,,,,,,,4,,,
133,"Ashish, Pranav",18-05-2018,Putranjiva roxburghii,41,,,,,,,,,,,,9,,,
134,"Ashish, Pranav",18-05-2018,Acacia greggii,36,,,,,,,,,,,,8,,no 2006 plate,
135,"Ashish, Pranav",18-05-2018,Pongamia pinnata,108,,,,,,,,,,,,11,,was Unidentified (4),
136,"Ashish, Pranav",18-05-2018,Putranjiva roxburghii,106,,,,,,,,,,,,4,,,
137,"Ashish, Pranav",18-05-2018,Annona reticulata,62.5,,,,,,,,,,,,5,B1/P1-155,,
138,"Ashish, Pranav",18-05-2018,Sweitenia mahogany,354.1,,,,,,,,,,,,14,B1/P1-65,,
139,"Ashish, Pranav",18-05-2018,Ehretia laevis,4,,,,,,,,,,,,2,,,
140,"Ashish, Pranav",18-05-2018,Holoptelia integrifolia,59,,,,,,,,,,,,7,,,
141,"Ashish, Pranav",18-05-2018,Tamarindus indica,58,,,,,,,,,,,,8,,,
142,"Ashish, Pranav",18-05-2018,Cycas circinalis,72,68,,,,,,,,,,,4,,,
143,"Ashish, Pranav",18-05-2018,Santalum album,11,,,,,,,,,,,,3,,,
144,"Ashish, Pranav",18-05-2018,Santalum album,19,,,,,,,,,,,,3,,,
145,"Ashish, Pranav",18-05-2018,Santalum album,35.5,30,16,,,,,,,,,,4,,,
146,"Ashish, Pranav",18-05-2018,Santalum album,20.1,,,,,,,,,,,,3,,,
147,"Ashish, Pranav",18-05-2018,Santalum album,12,,,,,,,,,,,,3,,,
148,"Ashish, Pranav",18-05-2018,Tamarindus indica,26,,,,,,,,,,,,4,,,
149,"Ashish, Pranav",18-05-2018,Holoptelia integrifolia,25,,,,,,,,,,,,10,,,
150,"Ashish, Pranav",18-05-2018,Holoptelia integrifolia,105,,,,,,,,,,,,4,,,
151,"Ashish, Pranav",18-05-2018,Lannea coromandelica,110,,,,,,,,,,,,10,,,
152,"Ashish, Pranav",18-05-2018,Tamarindus indica,24,,,,,,,,,,,,4,,,
153,"Ashish, Pranav",18-05-2018,Tamarindus indica,132,,,,,,,,,,,,11,,,
154,"Ashish, Pranav",18-05-2018,Dendrocalamus strictus,5,,,,,,,,,,,,5,,,
155,"Ashish, Pranav",18-05-2018,Dendrocalamus strictus,16,15,14,14,10,15,15,12,14,16,,,3,,,
156,"Ashish, Pranav",18-05-2018,Leucaena leucocephala,11,9,,,,,,,,,,,8,,,
157,"Ashish, Pranav",18-05-2018,Peltophorum pterocarpum,129.9,,,,,,,,,,,,11,,,
158,"Ashish, Pranav",18-05-2018,Delonix regia,115,,,,,,,,,,,,10,,,
159,"Ashish, Pranav",18-05-2018,Delonix regia,59.8,,,,,,,,,,,,9,B2/P1-109,,
160,"Ashish, Pranav",18-05-2018,Delonix regia,116,,,,,,,,,,,,13,B2/P1-165,,
161,"Ashish, Pranav",18-05-2018,Delonix regia,133,,,,,,,,,,,,12,,,
162,"Ashish, Pranav",18-05-2018,Santalum album,20,4,,,,,,,,,,,5,,,
163,"Ashish, Pranav",18-05-2018,Leucaena leucocephala,30,47,40.3,50.5,,,,,,,,,8,,,
164,"Ashish, Pranav",18-05-2018,Jacaranda mimosaefolia,131,,,,,,,,,,,,13,,,
165,"Ashish, Pranav",18-05-2018,Unidentified (5),20,,,,,,,,,,,,4,,,
166,"Ashish, Pranav",18-05-2018,Annona reticulata,40.5,,,,,,,,,,,,7,,,
167,"Ashish, Pranav",18-05-2018,Putranjiva roxburghii,40,,,,,,,,,,,,6,,,
168,"Ashish, Pranav",18-05-2018,Ixora brachiata,15.1,,,,,,,,,,,,3,,,
169,"Ashish, Pranav",18-05-2018,Ixora brachiata,11,12,13.5,,,,,,,,,,4,,,
170,"Ashish, Pranav",18-05-2018,Annona reticulata,22,,,,,,,,,,,,4,,,
171,"Ashish, Pranav",18-05-2018,Anogeissus seresius,84,,,,,,,,,,,,13,,,
172,"Ashish, Pranav",18-05-2018,Peltophorum pterocarpum,38,,,,,,,,,,,,9,,,
173,"Ashish, Pranav",18-05-2018,Dead (unidentified),33.8,,,,,,,,,,,,9,,,
174,"Ashish, Pranav",18-05-2018,Putranjiva roxburghii,92.9,,,,,,,,,,,,11,,,
175,"Ashish, Pranav",18-05-2018,cassia siamea,109,,,,,,,,,,,,13,,,
176,"Ashish, Pranav",18-05-2018,Putranjiva roxburghii,50,,,,,,,,,,,,9,,,
177,"Ashish, Pranav",18-05-2018,Jacaranda mimosaefolia,72.6,,,,,,,,,,,,11,,,
178,"Ashish, Pranav",18-05-2018,Ixora brachiata,13.1,13,,,,,,,,,,,8,,,
179,"Ashish, Pranav",18-05-2018,Anogeissus seresius,99,,,,,,,,,,,,13,,,
180,"Ashish, Pranav",18-05-2018,Unidentified (6),13,,,,,,,,,,,,4,,,
181,"Ashish, Pranav",18-05-2018,Tamarindus indica,77,77,,,,,,,,,,,11,,,
182,"Ashish, Pranav",18-05-2018,Santalum album,17,,,,,,,,,,,,8,B2/P1-93,,
183,"Ashish, Pranav",18-05-2018,Dead (unidentified),173.5,,,,,,,,,,,,11,,,
184,"Ashish, Pranav",18-05-2018,Holoptelia integrifolia,201,,,,,,,,,,,,14,,,
185,"Ashish, Pranav",18-05-2018,Plumeria obtusa,11,5,,,,,,,,,,,3,,,
186,"Ashish, Pranav",18-05-2018,Plumeria obtusa,6,7,12,,,,,,,,,,3,,,
187,"Ashish, Pranav",18-05-2018,Plumeria obtusa,12,10,9,8,,,,,,,,,3,,,
188,"Ashish, Pranav",18-05-2018,Plumeria obtusa,8,7,4,11,,,,,,,,,3,,,
189,"Ashish, Pranav",18-05-2018,Holoptelia integrifolia,122,,,,,,,,,,,,13,,,
190,"Ashish, Pranav",18-05-2018,Tamarindus indica,45,,,,,,,,,,,,11,,,
191,"Ashish, Pranav",18-05-2018,Ixora brachiata,16.5,,,,,,,,,,,,3,,,
192,"Ashish, Pranav",18-05-2018,Leucaena leucocephala,16,19,,,,,,,,,,,8,,,
193,"Ashish, Pranav",18-05-2018,Delonix regia,126,,,,,,,,,,,,10,,,
194,"Ashish, Pranav",18-05-2018,Anogeissus seresius,17.2,,,,,,,,,,,,4,,,
195,"Ashish, Pranav",18-05-2018,Dead (unidentified),100,,,,,,,,,,,,10,,,
196,"Ashish, Pranav",18-05-2018,Anogeissus seresius,4,,,,,,,,,,,,2,,,
197,"Ashish, Pranav",18-05-2018,Dendrocalamus giganeus,1680,2448,,,,,,,,,,,13,,stems with same GBH pooled and written. Total stems 86,
198,"Ashish, Pranav",18-05-2018,Dendrocalamus strictus,442,,,,,,,,,,,,3,,stems with same GBH pooled and written. Total stems 34,
199,"Ashish, Pranav",18-05-2018,Leucaena leucocephala,19,13,,,,,,,,,,,3,,,
200,"Ashish, Pranav",18-05-2018,Leucaena leucocephala,14,10,,,,,,,,,,,3,,,
201,"Ashish, Pranav",18-05-2018,Leucaena leucocephala,14,,,,,,,,,,,,3,,,
202,"Ashish, Pranav",18-05-2018,Lantana camera,10,,,,,,,,,,,,2,,,
203,"Ashish, Pranav",18-05-2018,Leucaena leucocephala,12.5,,,,,,,,,,,,3,,,
204,"Ashish, Pranav",18-05-2018,Anogeissus seresius,18.2,,,,,,,,,,,,4,,,
205,"Ashish, Pranav",18-05-2018,Anogeissus seresius,12,,,,,,,,,,,,2,,,
206,"Ashish, Pranav",18-05-2018,Lantana camera,10,10,6,,,,,,,,,,2,,,
207,"Ashish, Pranav",18-05-2018,Leucaena leucocephala,68,,,,,,,,,,,,3,,,
208,"Ashish, Pranav",18-05-2018,Anogeissus seresius,93,,,,,,,,,,,,7,,,
209,"Ashish, Pranav",18-05-2018,Anogeissus seresius,51,,,,,,,,,,,,7,,,
210,"Ashish, Pranav",18-05-2018,Azadirachta indica,109,,,,,,,,,,,,8,,,
211,"Ashish, Pranav",18-05-2018,Plumeria obtusa,19.5,14,16,24,,,,,,,,,4,,,
212,"Ashish, Pranav",18-05-2018,Anogeissus seresius,64.1,,,,,,,,,,,,10,,,
213,"Ashish, Pranav",18-05-2018,Caesalpinia pulcherrima,25,,,,,,,,,,,,5,,,
214,"Ashish, Pranav",18-05-2018,Anogeissus seresius,83,,,,,,,,,,,,9,,,
215,"Ashish, Pranav",18-05-2018,Anogeissus seresius,53.6,,,,,,,,,,,,9,,,
216,"Ashish, Pranav",18-05-2018,Tamarindus indica,91.5,,,,,,,,,,,,11,,,
217,"Ashish, Pranav",18-05-2018,Anogeissus seresius,17,10,,,,,,,,,,,3,,,
218,"Ashish, Pranav",18-05-2018,Anogeissus seresius,12,12,,,,,,,,,,,2,,,
219,"Ashish, Pranav",18-05-2018,Anogeissus seresius,348,,,,,,,,,,,,18,,,
220,"Ashish, Pranav",18-05-2018,Ixora paveta,16,14,10,12.5,,,,,,,,,3,,,
221,"Ashish, Pranav",18-05-2018,Anogeissus seresius,25.5,13,16,13,,,,,,,,,5,,,
222,"Ashish, Pranav",18-05-2018,Ixora paveta,6,5,6,6,,,,,,,,,4,B2/P1-49,,
223,"Ashish, Pranav",18-05-2018,Commiphora wightii,5,,,,,,,,,,,,2,,"Addition to FC flora. Was present during and before 2006 (Dr. M.C. Mahajan, pers comm)",
224,"Ashish, Pranav",18-05-2018,Bombax ceiba,5,,,,,,,,,,,,1.5,,,
225,"Ashish, Pranav",18-05-2018,Ixora paveta,6,,,,,,,,,,,,2,,,
226,"Ashish, Pranav",18-05-2018,Thevettia peruviana,12,12,10,12,,,,,,,,,3,,,
227,"Ashish, Pranav",18-05-2018,Holoptelia integrifolia,149,,,,,,,,,,,,10,,,
228,"Ashish, Pranav",18-05-2018,Adansonia digitata,22.1,,,,,,,,,,,,6,,,
229,"Ashish, Pranav",18-05-2018,Leucaena leucocephala,32,,,,,,,,,,,,3,,,
230,"Ashish, Pranav",18-05-2018,Ixora brachiata,26,,,,,,,,,,,,4,,,
231,"Ashish, Pranav",18-05-2018,Anogeissus seresius,128,,,,,,,,,,,,8,,,
232,"Ashish, Pranav",18-05-2018,Santalum album,29,,,,,,,,,,,,4,,,
233,"Ashish, Pranav",18-05-2018,Sterculia foetida,22,,,,,,,,,,,,4,,,
234,"Ashish, Pranav",18-05-2018,Heterophragma quadrilocure,41,,,,,,,,,,,,6,,,
235,"Ashish, Pranav",18-05-2018,Pongamia pinnata,112,130.1,,,,,,,,,,,10,,,
236,"Ashish, Pranav",18-05-2018,Leucaena leucocephala,35,,,,,,,,,,,,4,,,
237,"Ashish, Pranav",18-05-2018,Anogeissus seresius,10,,,,,,,,,,,,2,,,
238,"Ashish, Pranav",18-05-2018,Leucaena leucocephala,13,32,10,,,,,,,,,,3,,,
239,"Ashish, Pranav",18-05-2018,Leucaena leucocephala,10,4,4,,,,,,,,,,3,,,
240,"Ashish, Pranav",18-05-2018,Anogeissus seresius,6,12,,,,,,,,,,,3,,,
241,"Ashish, Pranav",18-05-2018,Zizyphus mauritiana,42,,,,,,,,,,,,6,,,
242,"Ashish, Pranav",18-05-2018,Tectona grandis,42.5,,,,,,,,,,,,6,,,
243,"Ashish, Pranav",18-05-2018,Ixora brachiata,20,20,,,,,,,,,,,5,,,
244,"Ashish, Pranav",18-05-2018,Santalum album,27.2,,,,,,,,,,,,5,,,
245,"Ashish, Pranav",18-05-2018,Annona reticulata,32,,,,,,,,,,,,7,,,
246,"Ashish, Pranav",18-05-2018,Peltophorum pterocarpum,134,,,,,,,,,,,,11,,,
247,"Ashish, Pranav",18-05-2018,Anogeissus seresius,11,,,,,,,,,,,,2,,,
248,"Ashish, Pranav",18-05-2018,Kigellia pinnata,11,,,,,,,,,,,,3,,90% Kigellia. Confirm in later samplings that it is not Spathodea campanulata,
249,"Ashish, Pranav",18-05-2018,Mimusops elengii,11,,,,,,,,,,,,3,,,
250,"Ashish, Pranav",18-05-2018,Peltophorum pterocarpum,15,81,12,,,,,,,,,,11,,,
251,"Ashish, Pranav",18-05-2018,Mimusops elengii,15.2,,,,,,,,,,,,3,,,
252,"Ashish, Pranav",18-05-2018,Pterocarpus marsupium,13,,,,,,,,,,,,3,,"near small baobab, pinnate leaves. Addition to FC flora",
253,"Ashish, Pranav",18-05-2018,Santalum album,28,,,,,,,,,,,,6,,,
254,"Ashish, Pranav",18-05-2018,Santalum album,25,,,,,,,,,,,,6,,,
255,"Ashish, Pranav",18-05-2018,Delonix regia,6,,,,,,,,,,,,2,,,
256,"Ashish, Pranav",18-05-2018,Anogeissus seresius,14,,,,,,,,,,,,2,,,
257,"Ashish, Pranav",18-05-2018,Delonix regia,264,,,,,,,,,,,,13,B2/P1-150,,
258,"Ashish, Pranav",18-05-2018,Anogeissus seresius,10,,,,,,,,,,,,2,,,
259,"Ashish, Pranav",18-05-2018,Delonix regia,228,10,15,14.1,12,,,,,,,,15,,,
260,"Ashish, Pranav",18-05-2018,Adhatoda vasica,36,,,,,,,,,,,,2,,stems with same GBH pooled and written. Total stems 6,
261,"Ashish, Pranav",18-05-2018,Adhatoda vasica,10,30,,,,,,,,,,,2,,stems with same GBH pooled and written. Total stems 15,
262,"Ashish, Pranav",18-05-2018,Adhatoda vasica,12,,,,,,,,,,,,2,,,
263,"Ashish, Pranav",18-05-2018,Adhatoda vasica,18,,,,,,,,,,,,2,,stems with same GBH pooled and written. Total stems 3,
264,"Ashish, Pranav",18-05-2018,Adhatoda vasica,36,12,,,,,,,,,,,2,,stems with same GBH pooled and written. Total stems 5,
265,"Ashish, Pranav",18-05-2018,Adhatoda vasica,28,6,,,,,,,,,,,2,,stems with same GBH pooled and written. Total stems 3,
266,"Ashish, Pranav",18-05-2018,Leucaena leucocephala,15,,,,,,,,,,,,3,,,
267,"Ashish, Pranav",18-05-2018,Santalum album,11,11,,,,,,,,,,,2,,,
268,"Ashish, Pranav",18-05-2018,Adhatoda vasica,14,10,6,,,,,,,,,,2,,,
269,"Ashish, Pranav",18-05-2018,Anogeissus seresius,21,11,,,,,,,,,,,3,,,
270,"Ashish, Pranav",18-05-2018,Ixora brachiata,26,24,,,,,,,,,,,4,,,
271,"Ashish, Pranav",18-05-2018,Annona reticulata,37,,,,,,,,,,,,8,,,
272,"Ashish, Pranav",18-05-2018,Annona reticulata,37,38,,,,,,,,,,,7,,,
273,"Ashish, Pranav",18-05-2018,Albizia lebbeck,195,,,,,,,,,,,,13,,,
274,"Ashish, Pranav",18-05-2018,Anogeissus seresius,77.5,,,,,,,,,,,,10,,,
275,"Ashish, Pranav",18-05-2018,Malpighia glabra,14,14,12,12,,,,,,,,,2,,,
276,"Ashish, Pranav",18-05-2018,Dead (unidentified),46,,,,,,,,,,,,5,,,
277,"Ashish, Pranav",18-05-2018,Anogeissus seresius,86,,,,,,,,,,,,6,,,
278,"Ashish, Pranav",18-05-2018,Ixora brachiata,6,5,5,,,,,,,,,,3,,,
279,"Ashish, Pranav",18-05-2018,Tamarindus indica,193,,,,,,,,,,,,11,,,
280,"Ashish, Pranav",18-05-2018,Terminalia bellerica,266,,,,,,,,,,,,14,,,
281,"Ashish, Pranav",18-05-2018,Leucaena leucocephala,14,,,,,,,,,,,,2,,,
282,"Ashish, Pranav",18-05-2018,Leucaena leucocephala,8,,,,,,,,,,,,2,,,
283,"Ashish, Pranav",18-05-2018,Thevettia peruviana,6,,,,,,,,,,,,2,,,
284,"Ashish, Pranav",18-05-2018,Putranjiva roxburghii,6,,,,,,,,,,,,2,,,
285,"Ashish, Pranav",18-05-2018,Holoptelia integrifolia,96,,,,,,,,,,,,10,,,
286,"Ashish, Pranav",18-05-2018,Leucaena leucocephala,6,5,,,,,,,,,,,2,,,
287,"Ashish, Pranav",18-05-2018,Delonix regia,6,,,,,,,,,,,,2,,,
288,"Ashish, Pranav",18-05-2018,Delonix regia,5,,,,,,,,,,,,2,,,
289,"Ashish, Pranav",18-05-2018,Lantana camera,7,,,,,,,,,,,,2,,,
290,"Ashish, Pranav",18-05-2018,Anogeissus seresius,14.1,,,,,,,,,,,,4,,,
291,"Ashish, Pranav",18-05-2018,Leucaena leucocephala,32,,,,,,,,,,,,5,,,
292,"Ashish, Pranav",18-05-2018,Leucaena leucocephala,6,5,,,,,,,,,,,3,,,
293,"Ashish, Pranav",18-05-2018,Leucaena leucocephala,14,,,,,,,,,,,,2,,,
294,"Ashish, Pranav",18-05-2018,Leucaena leucocephala,31,,,,,,,,,,,,4,,,
295,"Ashish, Pranav",18-05-2018,Putranjiva roxburghii,16,10,,,,,,,,,,,3,,,
296,"Ashish, Pranav",18-05-2018,Leucaena leucocephala,15,19,,,,,,,,,,,3,,,
297,"Ashish, Pranav",18-05-2018,Putranjiva roxburghii,67,14,,,,,,,,,,,8,,,
298,"Ashish, Pranav",18-05-2018,Putranjiva roxburghii,18,,,,,,,,,,,,4,,,
299,"Ashish, Pranav",18-05-2018,Gliricidia sepium,70,,,,,,,,,,,,11,,,
300,"Ashish, Pranav",18-05-2018,Anogeissus seresius,42,,,,,,,,,,,,8,,,
301,"Ashish, Pranav",18-05-2018,Leucaena leucocephala,85,,,,,,,,,,,,11,,,
302,"Ashish, Pranav",18-05-2018,Leucaena leucocephala,98.2,100,,,,,,,,,,,10,,,
303,"Ashish, Pranav",18-05-2018,Anogeissus seresius,88,,,,,,,,,,,,9,,,
304,"Ashish, Pranav",18-05-2018,Bauhinia tomentosa,5,,,,,,,,,,,,2,,,
305,"Ashish, Pranav",18-05-2018,Anogeissus seresius,10,,,,,,,,,,,,2,,,
306,"Ashish, Pranav",18-05-2018,Anogeissus seresius,91,,,,,,,,,,,,11,,,
307,"Ashish, Pranav",18-05-2018,Bauhinia tomentosa,5,7,,,,,,,,,,,2,,,
308,"Ashish, Pranav",18-05-2018,Anogeissus seresius,84.5,,,,,,,,,,,,11,,,
309,"Ashish, Pranav",18-05-2018,Bauhinia tomentosa,5,5,,,,,,,,,,,2,,,
310,"Ashish, Pranav",18-05-2018,Ixora brachiata,25.6,,,,,,,,,,,,4,,,
311,"Ashish, Pranav",18-05-2018,Holoptelia integrifolia,197.5,,,,,,,,,,,,11,,,
312,"Ashish, Pranav",18-05-2018,Putranjiva roxburghii,36,,,,,,,,,,,,3,,,
313,"Ashish, Pranav",18-05-2018,Anogeissus seresius,104,,,,,,,,,,,,7,,,
314,"Ashish, Pranav",18-05-2018,Jatropha curcas,10,7,,,,,,,,,,,4,,,
315,"Ashish, Pranav",18-05-2018,Leucaena leucocephala,23,17,10,,,,,,,,,,4,,,
316,"Ashish, Pranav",18-05-2018,Leucaena leucocephala,25,,,,,,,,,,,,4,,,
317,"Ashish, Pranav",18-05-2018,Leucaena leucocephala,20,,,,,,,,,,,,3,,,
318,"Ashish, Pranav",18-05-2018,dead (Grewia tilaefolia),30.5,,,,,,,,,,,,4,,,
319,"Ashish, Pranav",18-05-2018,dead (Ailanthus excelsa),361.1,,,,,,,,,,,,13,,,
320,"Ashish, Pranav",18-05-2018,Leucaena leucocephala,31.5,,,,,,,,,,,,7,,,
321,"Ashish, Pranav",18-05-2018,Delonix regia,125.5,,,,,,,,,,,,12,B3/P1-11,,
322,"Ashish, Pranav",18-05-2018,Holoptelia integrifolia,21,10,,,,,,,,,,,5,,,
323,"Ashish, Pranav",18-05-2018,Kigellia pinnata,121,59,12,,,,,,,,,,7,,,
324,"Ashish, Pranav",18-05-2018,Delonix regia,81.5,,,,,,,,,,,,7,B3/P1-10,,
325,"Ashish, Pranav",18-05-2018,Bombax ceiba,110,,,,,,,,,,,,9,,,
326,"Ashish, Pranav",18-05-2018,Unidentified (8),12,15,,,,,,,,,,,2,,,
327,"Ashish, Pranav",18-05-2018,Ixora brachiata,6,14,,,,,,,,,,,2,,,
328,"Ashish, Pranav",18-05-2018,Bauhinia tomentosa,5,5,5,5,,,,,,,,,1.5,,,
329,"Ashish, Pranav",18-05-2018,Bauhinia tomentosa,2,2,2,2,6,,,,,,,,1.5,,,
330,"Ashish, Pranav",18-05-2018,Bauhinia tomentosa,6,6,6,,,,,,,,,,1.5,,,
331,"Ashish, Pranav",18-05-2018,Bauhinia tomentosa,5,5,5,,,,,,,,,,1.5,,,
332,"Ashish, Pranav",18-05-2018,Bauhinia tomentosa,5,5,,,,,,,,,,,1.5,,,
333,"Ashish, Pranav",18-05-2018,Lantana camera,8,8,,,,,,,,,,,1.5,,,
334,"Ashish, Pranav",18-05-2018,Bauhinia tomentosa,5,,,,,,,,,,,,1.5,,,
335,"Ashish, Pranav",18-05-2018,Bauhinia tomentosa,5,,,,,,,,,,,,1.5,,,
336,"Ashish, Pranav",18-05-2018,Bauhinia tomentosa,4,,,,,,,,,,,,1.5,,,
337,"Ashish, Pranav",18-05-2018,Bauhinia tomentosa,5,,,,,,,,,,,,1.5,,,
338,"Ashish, Pranav",18-05-2018,Jacaranda mimosaefolia,59,40,17,,,,,,,,,,7,,,
339,"Ashish, Pranav",18-05-2018,cassia siamea,111,,,,,,,,,,,,10,,,
340,"Ashish, Pranav",18-05-2018,Dalbergia lanceolaria,29,,,,,,,,,,,,5,,Was Unidentified (9),
341,"Ashish, Pranav",18-05-2018,Schleichera oleosa,176,,,,,,,,,,,,12,B3/P1-24,,
342,"Ashish, Pranav",18-05-2018,Bombax ceiba,6,,,,,,,,,,,,2,,,
343,"Ashish, Pranav",18-05-2018,Cordia garaf,45,,,,,,,,,,,,6,,With old steel tag,
344,"Ashish, Pranav",18-05-2018,Bauhinia tomentosa,20,25,26,10,,,,,,,,,5,,,
345,"Ashish, Pranav",18-05-2018,Anogeissus seresius,10,10,,,,,,,,,,,5,,,
346,"Ashish, Pranav",18-05-2018,Bauhinia tomentosa,5,,,,,,,,,,,,1.5,,,
347,"Ashish, Pranav",18-05-2018,Anogeissus seresius,83,57,,,,,,,,,,,10,,,
348,"Ashish, Pranav",18-05-2018,Tecoma stans,29,,,,,,,,,,,,3,,,
349,"Ashish, Pranav",18-05-2018,Bauhinia tomentosa,19,6,6,,,,,,,,,,2,,,
350,"Ashish, Pranav",18-05-2018,Dead (unidentified),74.5,,,,,,,,,,,,8,B3/P1-42,,
351,"Ashish, Pranav",18-05-2018,Adansonia digitata,354.1,,,,,,,,,,,,12,B3/P1-04,,
352,"Ashish, Pranav",18-05-2018,Bauhinia tomentosa,5,,,,,,,,,,,,1.5,,,
353,"Ashish, Pranav",18-05-2018,Bauhinia tomentosa,5,,,,,,,,,,,,1.5,,,
354,"Ashish, Pranav",18-05-2018,Bombax ceiba,4,,,,,,,,,,,,1.5,,,
355,"Ashish, Pranav",18-05-2018,Manilkara hexandra,119,,,,,,,,,,,,11,,,
356,"Ashish, Pranav",18-05-2018,Dead (unidentified),123,,,,,,,,,,,,6,,,
357,"Ashish, Pranav",18-05-2018,Leucaena leucocephala,31,,,,,,,,,,,,5,,,
358,"Ashish, Pranav",18-05-2018,Euphorbia lacteata,25,,,,,,,,,,,,2.5,,,
359,"Ashish, Pranav",18-05-2018,Tecoma stans,4,,,,,,,,,,,,2,,,
360,"Ashish, Pranav",18-05-2018,Leucaena leucocephala,29.5,,,,,,,,,,,,4,,,
361,"Ashish, Pranav",18-05-2018,Leucaena leucocephala,36,,,,,,,,,,,,4,,,
362,"Ashish, Pranav",18-05-2018,Euphorbia lacteata,29,,,,,,,,,,,,3.2,,,
363,"Ashish, Pranav",18-05-2018,Leucaena leucocephala,20,,,,,,,,,,,,3.5,,,
364,"Ashish, Pranav",18-05-2018,Leucaena leucocephala,27,,,,,,,,,,,,3.5,,,
365,"Ashish, Pranav",18-05-2018,Bombax ceiba,108.5,,,,,,,,,,,,6,,,
366,"Ashish, Pranav",18-05-2018,Santalum album,15,,,,,,,,,,,,2,,,
367,"Ashish, Pranav",18-05-2018,Lantana camera,12,12,10,10,7,7,,,,,,,1.5,,,
368,"Ashish, Pranav",18-05-2018,Hibiscus rosa-sinensis,12,17,,,,,,,,,,,1.5,,,
369,"Ashish, Pranav",18-05-2018,Leucaena leucocephala,6,,,,,,,,,,,,2,,,
370,"Ashish, Pranav",18-05-2018,Ixora brachiata,21.3,,,,,,,,,,,,2.5,,,
371,"Ashish, Pranav",18-05-2018,Leucaena leucocephala,12,,,,,,,,,,,,2,,,
372,"Ashish, Pranav",18-05-2018,Leucaena leucocephala,12,,,,,,,,,,,,2,,,
373,"Ashish, Pranav",18-05-2018,Lantana camera,5,,,,,,,,,,,,1.5,,,
374,"Ashish, Pranav",18-05-2018,Dead (unidentified),102,,,,,,,,,,,,5,,,
375,"Ashish, Pranav",18-05-2018,Delonix regia,106,,,,,,,,,,,,6,B3/P1-75,,
376,"Ashish, Pranav",18-05-2018,Annona squamosa,17,,,,,,,,,,,,2,,,
377,"Ashish, Pranav",18-05-2018,Bauhinia tomentosa,15,10,,,,,,,,,,,1.5,,,
378,"Ashish, Pranav",18-05-2018,Euphorbia lacteata,23,39,,,,,,,,,,,3,B3/P1-72,,
379,"Ashish, Pranav",18-05-2018,Leucaena leucocephala,10,45,40,11,,,,,,,,,4,,,
380,"Ashish, Pranav",18-05-2018,Tamarindus indica,29,,,,,,,,,,,,3,,,
381,"Ashish, Pranav",18-05-2018,Bauhinia tomentosa,5,,,,,,,,,,,,1.5,,,
382,"Ashish, Pranav",18-05-2018,Bauhinia tomentosa,15,11,,,,,,,,,,,1.5,,,
383,"Ashish, Pranav",18-05-2018,Bauhinia tomentosa,11,,,,,,,,,,,,1.5,,,
384,"Ashish, Pranav",18-05-2018,Bauhinia tomentosa,5,,,,,,,,,,,,1.5,,,
385,"Ashish, Pranav",18-05-2018,Santalum album,27.1,,,,,,,,,,,,3,,,
386,"Ashish, Pranav",18-05-2018,Ficus religiosa,134,,,,,,,,,,,,13,,,
387,"Ashish, Pranav",18-05-2018,Leucaena leucocephala,85,,,,,,,,,,,,4.5,,,
388,"Ashish, Pranav",18-05-2018,Ailanthus excelsa,25.1,50,,,,,,,,,,,4,B3/P1-55,,
389,"Ashish, Pranav",18-05-2018,Ehretia laevis,17,,,,,,,,,,,,2,,,
390,"Ashish, Pranav",18-05-2018,Leucaena leucocephala,23,,,,,,,,,,,,3.5,,,
391,"Ashish, Pranav",18-05-2018,Leucaena leucocephala,59.9,18,,,,,,,,,,,10,,,
392,"Ashish, Pranav",18-05-2018,Putranjiva roxburghii,11,,,,,,,,,,,,2,,,
393,"Ashish, Pranav",18-05-2018,Leucaena leucocephala,41,,,,,,,,,,,,6,,,
394,"Ashish, Pranav",18-05-2018,Leucaena leucocephala,51,,,,,,,,,,,,6,,,
395,"Ashish, Pranav",18-05-2018,Bauhinia tomentosa,11,,,,,,,,,,,,1.5,,,
396,"Ashish, Pranav",18-05-2018,Leucaena leucocephala,26,13,,,,,,,,,,,3,,,
397,"Ashish, Pranav",18-05-2018,dead (Sterculia alata),400,,,,,,,,,,,,2,,Tree cut at 2-3m after it died ,
398,"Ashish, Pranav",18-05-2018,dead (Grewia tilaefolia),28,,,,,,,,,,,,2,,,
399,"Ashish, Pranav",18-05-2018,Leucaena leucocephala,16,,,,,,,,,,,,2,,,
400,"Ashish, Pranav",18-05-2018,Putranjiva roxburghii,14,,,,,,,,,,,,2,,,
401,"Ashish, Pranav",18-05-2018,Leucaena leucocephala,43,,,,,,,,,,,,5,,,
402,"Ashish, Pranav",18-05-2018,Leucaena leucocephala,15,,,,,,,,,,,,2,,,
403,"Ashish, Pranav",18-05-2018,Leucaena leucocephala,19,,,,,,,,,,,,2,,,
404,"Ashish, Pranav",18-05-2018,Leucaena leucocephala,51.5,,,,,,,,,,,,3,,,
405,"Ashish, Pranav",18-05-2018,Leucaena leucocephala,31,,,,,,,,,,,,2.5,,,
406,"Ashish, Pranav",18-05-2018,Leucaena leucocephala,28.9,,,,,,,,,,,,2.5,,,
407,"Ashish, Pranav",18-05-2018,Leucaena leucocephala,23.1,,,,,,,,,,,,2,,,
408,"Ashish, Pranav",18-05-2018,Leucaena leucocephala,27,,,,,,,,,,,,2,,,
409,"Ashish, Pranav",18-05-2018,Leucaena leucocephala,40,,,,,,,,,,,,4,,,
410,"Ashish, Pranav",18-05-2018,Putranjiva roxburghii,169,11,,,,,,,,,,,10,B3/P1-113,,
411,"Ashish, Pranav",18-05-2018,Terminalia bellerica,211,,,,,,,,,,,,18,B3/P1-112,,
412,"Ashish, Pranav",18-05-2018,Terminalia bellerica,259,,,,,,,,,,,,18,B3/P1-111,,
413,"Ashish, Pranav",18-05-2018,Putranjiva roxburghii,11,,,,,,,,,,,,2,,,
414,"Ashish, Pranav",18-05-2018,Holoptelia integrifolia,11,,,,,,,,,,,,2,,,
415,"Ashish, Pranav",18-05-2018,Leucaena leucocephala,59,,,,,,,,,,,,4,,,
416,"Ashish, Pranav",18-05-2018,Tecoma stans,15,45,,,,,,,,,,,3,,,
417,"Ashish, Pranav",18-05-2018,Parmentiera cereifera,46,45,52.5,,,,,,,,,,4,,covered by Vitis quadrangularis,
418,"Ashish, Pranav",18-05-2018,Cycas circinalis,46.5,,,,,,,,,,,,1.5,,,
419,"Ashish, Pranav",18-05-2018,Leucaena leucocephala,31,,,,,,,,,,,,3,,,
420,"Ashish, Pranav",18-05-2018,Lantana camera,5,,,,,,,,,,,,2,,,
421,"Ashish, Pranav",18-05-2018,Leucaena leucocephala,21.5,,,,,,,,,,,,3,,,
422,"Ashish, Pranav",18-05-2018,Adhatoda vasica,6,6,6,6,6,6,6,6,6,6,8,8,2.5,,,
423,"Ashish, Pranav",18-05-2018,Manilkara hexandra,14,7,5,,,,,,,,,,2,,coppice shoots. Was cut/died 3-4 years ago,
424,"Ashish, Pranav",18-05-2018,Leucaena leucocephala,15,,,,,,,,,,,,2,,,
425,"Ashish, Pranav",18-05-2018,Leucaena leucocephala,39.5,,,,,,,,,,,,10,,,
426,"Ashish, Pranav",18-05-2018,Santalum album,17,10,,,,,,,,,,,2,,,
427,"Ashish, Pranav",18-05-2018,Leucaena leucocephala,18,,,,,,,,,,,,2.5,,,
428,"Ashish, Pranav",18-05-2018,Holoptelia integrifolia,10,,,,,,,,,,,,1.5,,,
429,"Ashish, Pranav",18-05-2018,Santalum album,17,,,,,,,,,,,,1.5,,,
430,"Ashish, Pranav",18-05-2018,Holoptelia integrifolia,18,,,,,,,,,,,,2,,,
431,"Ashish, Pranav",18-05-2018,Anogeissus latifolia,102,,,,,,,,,,,,11,,,
432,"Ashish, Pranav",18-05-2018,Leucaena leucocephala,12,,,,,,,,,,,,2,,,
433,"Ashish, Pranav",18-05-2018,Leucaena leucocephala,18,,,,,,,,,,,,2,,,
434,"Ashish, Pranav",18-05-2018,dead (Syzygium heyneanum),103,,,,,,,,,,,,6,,died in 2017 or 2018,
435,"Ashish, Pranav",18-05-2018,Leucaena leucocephala,15,,,,,,,,,,,,2,,,
436,"Ashish, Pranav",18-05-2018,Delonix regia,41,103,89,,,,,,,,,,9,,,
437,"Ashish, Pranav",18-05-2018,Leucaena leucocephala,14,,,,,,,,,,,,3,,,
438,"Ashish, Pranav",18-05-2018,Leucaena leucocephala,15,6,,,,,,,,,,,3,,,
439,"Ashish, Pranav",18-05-2018,Leucaena leucocephala,9,,,,,,,,,,,,3,,,
440,"Ashish, Pranav",18-05-2018,Leucaena leucocephala,8,6,,,,,,,,,,,3,,,
441,"Ashish, Pranav",18-05-2018,Leucaena leucocephala,48,,,,,,,,,,,,4,,,
442,"Ashish, Pranav",18-05-2018,Leucaena leucocephala,14,10,,,,,,,,,,,2,,,
443,"Ashish, Pranav",18-05-2018,Lantana camera,5,,,,,,,,,,,,1.5,,,
444,"Ashish, Pranav",18-05-2018,Ehretia laevis,16,15.5,,,,,,,,,,,3,,,
445,"Ashish, Pranav",18-05-2018,Ixora brachiata,11,,,,,,,,,,,,2,,,
446,"Ashish, Pranav",18-05-2018,Leucaena leucocephala,32,,,,,,,,,,,,3.5,,,
447,"Ashish, Pranav",18-05-2018,Leucaena leucocephala,11,,,,,,,,,,,,2,,,
448,"Ashish, Pranav",18-05-2018,Tamarindus indica,10,,,,,,,,,,,,2,,,
449,"Ashish, Pranav",18-05-2018,Lantana camera,8,8,,,,,,,,,,,1.5,,,
450,"Ashish, Pranav",18-05-2018,Lantana camera,5,5,,,,,,,,,,,1.5,,,
451,"Ashish, Pranav",18-05-2018,Lantana camera,5,,,,,,,,,,,,1.5,,,
452,"Ashish, Pranav",18-05-2018,Euphorbia lacteata,21,22,,,,,,,,,,,2,,,
453,"Ashish, Pranav",18-05-2018,Leucaena leucocephala,23,,,,,,,,,,,,3.5,,,
454,"Ashish, Pranav",18-05-2018,Leucaena leucocephala,25,,,,,,,,,,,,3.5,,,
455,"Ashish, Pranav",18-05-2018,Putranjiva roxburghii,5,,,,,,,,,,,,1.2,,,
456,"Ashish, Pranav",18-05-2018,Tecoma stans,17,,,,,,,,,,,,2,,,
457,"Ashish, Pranav",18-05-2018,Euphorbia lacteata,54,31,50,,,,,,,,,,3,B3/P1-107,,
458,"Ashish, Pranav",18-05-2018,Tecoma stans,22.3,,,,,,,,,,,,2,,,
459,"Ashish, Pranav",18-05-2018,Leucaena leucocephala,79,,,,,,,,,,,,4,,,
460,"Ashish, Pranav",18-05-2018,Tecoma stans,10,,,,,,,,,,,,2,,,
461,"Ashish, Pranav",18-05-2018,Tecoma stans,10,15,,,,,,,,,,,2,,,
462,"Ashish, Pranav",18-05-2018,Caesalpinia ferrea,181,,,,,,,,,,,,4.5,,,
463,"Ashish, Pranav",18-05-2018,Holoptelia integrifolia,69.9,,,,,,,,,,,,4.5,,,
464,"Ashish, Pranav",18-05-2018,Lantana camera,5,,,,,,,,,,,,1,,,
465,"Ashish, Pranav",18-05-2018,Gliricidia sepium,126,65.1,,,,,,,,,,,5,,,
466,"Ashish, Pranav",18-05-2018,Leucaena leucocephala,19,,,,,,,,,,,,2,,,
467,"Ashish, Pranav",18-05-2018,Dead (unidentified),56,,,,,,,,,,,,3.5,,,
468,"Ashish, Pranav",18-05-2018,Dead (unidentified),93,,,,,,,,,,,,4,,,
469,"Ashish, Pranav",18-05-2018,Diospyros peregrina,154,109,,,,,,,,,,,7,,one stem dead,
470,"Ashish, Pranav",18-05-2018,Delonix regia,138,,,,,,,,,,,,8,B3/P1-133,,
471,"Ashish, Pranav",18-05-2018,Gliricidia sepium,129,,,,,,,,,,,,7,B3/P1-113,,
472,"Ashish, Pranav",18-05-2018,Gliricidia sepium,119,47,63,55,,,,,,,,,8,,,
473,"Ashish, Pranav",18-05-2018,Musa indica,47,44,46,,,,,,,,,,2,,planted by quarters people,
474,"Ashish, Pranav",18-05-2018,Broussonetia papyrifera,42,,,,,,,,,,,,3,,,
475,"Ashish, Pranav",18-05-2018,Psidium guajava,16,14,,,,,,,,,,,2.5,,,
476,"Ashish, Pranav",18-05-2018,Musa indica,42,,,,,,,,,,,,2,,planted by quarters people,
477,"Ashish, Pranav",18-05-2018,Musa indica,20,,,,,,,,,,,,2,,planted by quarters people,
478,"Ashish, Pranav",18-05-2018,Musa indica,55,,,,,,,,,,,,2,,planted by quarters people,
479,"Ashish, Pranav",18-05-2018,Musa indica,50,,,,,,,,,,,,2,,planted by quarters people,
480,"Ashish, Pranav",18-05-2018,Musa indica,50,15,15,,,,,,,,,,2,,planted by quarters people,
481,"Ashish, Pranav",18-05-2018,Musa indica,61,60,,,,,,,,,,,2,,planted by quarters people,
482,"Ashish, Pranav",18-05-2018,Musa indica,80,,,,,,,,,,,,2,,planted by quarters people,
483,"Ashish, Pranav",18-05-2018,Musa indica,35,,,,,,,,,,,,2,,planted by quarters people,
484,"Ashish, Pranav",18-05-2018,Mangifera indica,10,,,,,,,,,,,,1.5,,,
485,"Ashish, Pranav",18-05-2018,Acacia concinna,80,36,,,,,,,,,,,3,,stems with same GBH pooled and written. Total stems 11. Liana,
486,"Ashish, Pranav",18-05-2018,Acacia concinna,90,36,30,,,,,,,,,,3,,stems with same GBH pooled and written. Total stems 14. Liana,
487,"Ashish, Pranav",18-05-2018,Acacia concinna,25,25,,,,,,,,,,,2,,liana,
488,"Ashish, Pranav",18-05-2018,Psidium guajava,14,33,13,10,18,,,,,,,,2.5,,,
489,"Ashish, Pranav",18-05-2018,Mangifera indica,12,,,,,,,,,,,,2,,,
490,"Ashish, Pranav",18-05-2018,Mangifera indica,102,,,,,,,,,,,,5,,,
491,"Ashish, Pranav",18-05-2018,Leucaena leucocephala,14,,,,,,,,,,,,3,,,
492,"Ashish, Pranav",18-05-2018,Psidium guajava,36,,,,,,,,,,,,3.5,,,
493,"Ashish, Pranav",18-05-2018,Leucaena leucocephala,35.1,,,,,,,,,,,,3.5,,,
494,"Ashish, Pranav",18-05-2018,Dead (unidentified),28,,,,,,,,,,,,2.5,,,
495,"Ashish, Pranav",18-05-2018,Psidium guajava,31,,,,,,,,,,,,2.5,,,
496,"Ashish, Pranav",18-05-2018,Psidium guajava,32,,,,,,,,,,,,2.5,,,
497,"Ashish, Pranav",18-05-2018,Mangifera indica,41.5,,,,,,,,,,,,6,,,
498,"Ashish, Pranav",18-05-2018,Syzygium cumini,44,,,,,,,,,,,,5,,,
499,"Ashish, Pranav",18-05-2018,Cedrela toona,65.2,,,,,,,,,,,,4.5,,,
500,"Ashish, Pranav",18-05-2018,dead (Caryota urens),92.5,,,,,,,,,,,,5,B3/P1-156,,
501,"Ashish, Pranav",18-05-2018,Leucaena leucocephala,21,,,,,,,,,,,,2.5,,,
502,"Ashish, Pranav",18-05-2018,dead (Caryota urens),95,,,,,,,,,,,,6,,,
503,"Ashish, Pranav",18-05-2018,Caryota urens,87,,,,,,,,,,,,6,,,
504,"Ashish, Pranav",18-05-2018,Leucaena leucocephala,30,31,44,,,,,,,,,,6,,,
505,"Ashish, Pranav",18-05-2018,Acacia concinna,20,18,,,,,,,,,,,3,,liana,
506,"Ashish, Pranav",18-05-2018,Albizia saman,289,,,,,,,,,,,,10,,,
507,"Ashish, Pranav",18-05-2018,Broussonetia papyrifera,46.5,,,,,,,,,,,,6,,,
508,"Ashish, Pranav",18-05-2018,Holoptelia integrifolia,37,,,,,,,,,,,,5,,,
509,"Ashish, Pranav",18-05-2018,Polyalthia longifolia,6,,,,,,,,,,,,3,,,
510,"Ashish, Pranav",18-05-2018,Delonix regia,161.9,,,,,,,,,,,,10,B3/P1-144,,
511,"Ashish, Pranav",18-05-2018,Broussonetia papyrifera,22,,,,,,,,,,,,5,,,
512,"Ashish, Pranav",18-05-2018,Broussonetia papyrifera,10,30,,,,,,,,,,,3,,,
513,"Ashish, Pranav",18-05-2018,Broussonetia papyrifera,21,,,,,,,,,,,,3,,,
514,"Ashish, Pranav",18-05-2018,Broussonetia papyrifera,18,,,,,,,,,,,,3,,,
515,"Ashish, Pranav",18-05-2018,Leucaena leucocephala,73,10,,,,,,,,,,,5,,,
516,"Ashish, Pranav",18-05-2018,Broussonetia papyrifera,25.2,,,,,,,,,,,,4,,,
517,"Ashish, Pranav",18-05-2018,Broussonetia papyrifera,15,,,,,,,,,,,,3.5,,,
518,"Ashish, Pranav",18-05-2018,Broussonetia papyrifera,13,,,,,,,,,,,,3.5,,,
519,"Ashish, Pranav",18-05-2018,Broussonetia papyrifera,22.3,,,,,,,,,,,,4,,,
520,"Ashish, Pranav",18-05-2018,Broussonetia papyrifera,9,86,26,,,,,,,,,,6,,,
521,"Ashish, Pranav",18-05-2018,Broussonetia papyrifera,14,,,,,,,,,,,,3,,,
522,"Ashish, Pranav",18-05-2018,Combretum latifolium,19,,,,,,,,,,,,3,,liana,
523,"Ashish, Pranav",18-05-2018,Tamarindus indica,30.1,16,10,,,,,,,,,,5,,,
524,"Ashish, Pranav",18-05-2018,dead (Broussonetia papyrifera),84,,,,,,,,,,,,6,,,
525,"Ashish, Pranav",18-05-2018,Broussonetia papyrifera,15,,,,,,,,,,,,3,,,
526,"Ashish, Pranav",18-05-2018,Broussonetia papyrifera,31,,,,,,,,,,,,4,,,
527,"Ashish, Pranav",18-05-2018,Ehretia laevis,14,,,,,,,,,,,,2.5,,,
528,"Ashish, Pranav",18-05-2018,Combretum latifolium,35,,,,,,,,,,,,3,,liana,
529,"Ashish, Pranav",18-05-2018,Leucaena leucocephala,72,10,10,,,,,,,,,,6,,,
530,"Ashish, Pranav",18-05-2018,Broussonetia papyrifera,24.5,,,,,,,,,,,,4,,,
531,"Ashish, Pranav",18-05-2018,cassia siamea,83,87,31.5,,,,,,,,,,10,,,
532,"Ashish, Pranav",18-05-2018,Terminalia tomentosa,176.2,,,,,,,,,,,,16,,,
533,"Ashish, Pranav",18-05-2018,Tabebuia avellanidae,6,,,,,,,,,,,,3,,near Cordia garaf; addition to FC flora. ,
534,"Ashish, Pranav",18-05-2018,Annona squamosa,6,,,,,,,,,,,,3,,inside nursery fence,
535,"Ashish, Pranav",18-05-2018,Helicteres isora (?),6,,,,,,,,,,,,3.5,,"In B1 sector, near Bougainvillea and Plumerias",
